{"schemaVersion":"1.0","appDefinitionTemplate":{"id":"/providers/Microsoft.PowerApps/apps/","type":"Microsoft.PowerApps/apps","tags":{"minimumRequiredApiVersion":"2.2.0"},"properties":{"appVersion":"2019-07-29T09:07:40Z","lifeCycleId":"Published","createdByClientVersion":{"major":3,"minor":19073,"build":17,"revision":0,"majorRevision":0,"minorRevision":0},"minClientVersion":{"major":3,"minor":19073,"build":17,"revision":0,"majorRevision":0,"minorRevision":0},"backgroundColor":"rgba(0, 176, 240, 1)","backgroundImageUri":"/9250071782125998306/N366bb182-68df-4913-8294-90d9c6e6c5a0-logoSmallFile","displayName":"pekAiEdgeTestPowerApp","description":"","appUris":{"documentUri":{"value":"/9250071782125998306/N517492f4-0d1d-4bb5-98d8-a7f65dd8d594-document.msapp","readonlyValue":"/9250071782125998306/N517492f4-0d1d-4bb5-98d8-a7f65dd8d594-document.msapp"},"imageUris":[]},"createdTime":"0001-01-01T00:00:00Z","lastModifiedTime":"0001-01-01T00:00:00Z","sharedGroupsCount":0,"sharedUsersCount":0,"icons":{"smallIconUri":"/9250071782125998306/N25116ac2-f35e-4f88-8007-8f530a7640a6-small.png","mediumIconUri":"/9250071782125998306/N9caf3ce5-84d5-443b-869d-841674fbe538-medium.png","largeIconUri":"/9250071782125998306/N1f436547-af9d-4053-a16f-2c5cc9b141b7-large.png","wideIconUri":"/9250071782125998306/N0ea78287-b971-4783-b02b-c4545d431c3b-wide.png"},"connectionReferences":{"3ab69564-8265-4a95-a920-57b64c838c20":{"id":"1205811d-07e8-41d6-a1b3-b646f260fcda","displayName":"Common Data Service","iconUri":"https://connectoricons-prod.azureedge.net/commondataservice/icon_1.0.1235.1649.png","dataSources":["temperatureAlerts","HelmetAlerts"],"dependencies":[],"dependents":[],"parameterHints":{},"isOnPremiseConnection":false,"bypassConsent":false,"dataSets":{"default.cds":{"dataSources":{"temperatureAlerts":{"tableName":"crf2d_temperaturealerts"},"HelmetAlerts":{"tableName":"crf2d_helmetalerts"}}}},"apiTier":"Premium","isCustomApiConnection":false},"c2e62271-50ad-418b-86d3-50104b9dc9cb":{"id":"beaeb3d6-4e72-46d9-b9da-b82dcd40c460","displayName":"Azure Blob Storage","iconUri":"https://connectoricons-prod.azureedge.net/azureblob/icon_1.0.1227.1634.png","dataSources":["AzureBlobStorage"],"dependencies":[],"dependents":[],"parameterHints":{},"isOnPremiseConnection":false,"sharedConnectionId":"f5264d25-1443-48ae-8001-40839110b3e1","bypassConsent":false,"dataSets":{},"apiTier":"Standard","isCustomApiConnection":false}},"databaseReferences":{},"almMode":"Environment"}}}